['20161025', 'nyk', '+9½']
['20161025', 'cle', '-9½']
['20161025', 'uta', '+6½']
['20161025', 'por', '-6½']
['20161025', 'sas', '+9']
['20161025', 'gsw', '-9']
['20161026', 'dal', '+6']
['20161026', 'ind', '-6']
['20161026', 'mia', '+3½']
['20161026', 'orl', '-3½']
['20161026', 'bkn', '+12']
['20161026', 'bos', '-12']
['20161026', 'det', '+7']
['20161026', 'tor', '-7']
['20161026', 'okc', '-9½']
['20161026', 'phi', '+9½']
['20161026', 'min', '-2']
['20161026', 'mem', '+2']
['20161026', 'cha', '-2']
['20161026', 'mil', '+2']
['20161026', 'den', '+1½']
['20161026', 'nop', '-1½']
['20161026', 'sac', '+3']
['20161026', 'phx', '-3']
['20161026', 'hou', '-6½']
['20161026', 'lac', '+6½']
['20161027', 'was', '+4']
['20161027', 'atl', '-4']
['20161027', 'bos', '+1½']
['20161027', 'chi', '-1½']
['20161027', 'sas', '-8½']
['20161027', 'sac', '+8½']
['20161027', 'lal', '-3']
['20161027', 'por', '+3']
['20161028', 'cle', '-3½']
['20161028', 'tor', '+3½']
['20161028', 'orl', '+4']
['20161028', 'det', '-4']
['20161028', 'ind', '-6½']
['20161028', 'bkn', '+6½']
['20161028', 'phx', '+8']
['20161028', 'okc', '-8']
['20161028', 'cha', '-1½']
['20161028', 'mia', '+1½']
['20161028', 'hou', '-2']
['20161028', 'dal', '+2']
['20161028', 'lac', '+9']
['20161028', 'uta', '-9']
['20161028', 'gsw', '-12½']
['20161028', 'nop', '+12½']
['20161029', 'atl', '-8']
['20161029', 'phi', '+8']
['20161029', 'bos', '-3']
['20161029', 'cha', '+3']
['20161029', 'mem', '+3']
['20161029', 'nyk', '-3']
['20161029', 'orl', '+11½']
['20161029', 'cle', '-11½']
['20161029', 'nop', '+14']
['20161029', 'sas', '-14']
['20161029', 'bkn', '+8']
['20161029', 'mil', '-8']
['20161029', 'ind', '+3½']
['20161029', 'chi', '-3½']
['20161029', 'por', '-1½']
['20161029', 'den', '+1½']
['20161029', 'min', 'PK-110']
['20161029', 'sac', 'PK-110']
['20161030', 'uta', '+7½']
['20161030', 'lal', '-7½']
['20161030', 'sas', '-6½']
['20161030', 'mia', '+6½']
['20161030', 'gsw', '-12']
['20161030', 'phx', '+12']
['20161030', 'mil', '+7½']
['20161030', 'det', '-7½']
['20161030', 'lac', '+8½']
['20161030', 'okc', '-8½']
['20161030', 'was', '-3½']
['20161030', 'mem', '+3½']
['20161030', 'dal', '+4½']
['20161030', 'hou', '-4½']
['20161031', 'sac', '+7']
['20161031', 'atl', '-7']
['20161031', 'den', '+7']
['20161031', 'tor', '-7']
['20161031', 'chi', '-7']
['20161031', 'bkn', '+7']
['20161031', 'phx', '+12']
['20161031', 'lal', '-12']
['20161101', 'hou', '+9½']
['20161101', 'cle', '-9½']
['20161101', 'lac', '+9']
['20161101', 'ind', '-9']
['20161101', 'orl', '-5']
['20161101', 'phi', '+5']
['20161101', 'nyk', '+4']
['20161101', 'det', '-4']
['20161101', 'sac', '+4']
['20161101', 'mia', '-4']
['20161101', 'mem', '+7']
['20161101', 'min', '-7']
['20161101', 'mil', '+4']
['20161101', 'nop', '-4']
['20161101', 'uta', '+10']
['20161101', 'sas', '-10']
['20161101', 'gsw', '-6']
['20161101', 'por', '+6']
['20161102', 'tor', '-1']
['20161102', 'was', '+1']
['20161102', 'phi', '+13']
['20161102', 'cha', '-13']
['20161102', 'lac', '+12']
['20161102', 'atl', '-12']
['20161102', 'det', '-4½']
['20161102', 'bkn', '+4½']
['20161102', 'hou', 'PK-110']
['20161102', 'nyk', 'PK-110']
['20161102', 'nop', '+5']
['20161102', 'mem', '-5']
['20161102', 'chi', '+3']
['20161102', 'bos', '-3']
['20161102', 'dal', '+3']
['20161102', 'uta', '-3']
['20161102', 'por', '-3']
['20161102', 'phx', '+3']
['20161102', 'okc', '+7½']
['20161102', 'lal', '-7½']
['20161103', 'sac', '-1']
['20161103', 'orl', '+1']
['20161103', 'den', '+3½']
['20161103', 'min', '-3½']
['20161103', 'bos', '+10½']
['20161103', 'cle', '-10½']
['20161103', 'ind', '-3']
['20161103', 'mil', '+3']
['20161103', 'okc', '+11½']
['20161103', 'gsw', '-11½']
['20161104', 'atl', '+1']
['20161104', 'was', '-1']
['20161104', 'mia', '+7']
['20161104', 'tor', '-7']
['20161104', 'cha', '-7']
['20161104', 'bkn', '+7']
['20161104', 'phx', '+3']
['20161104', 'nop', '-3']
['20161104', 'nyk', '+8']
['20161104', 'chi', '-8']
['20161104', 'lal', '-6']
['20161104', 'mem', '+6']
['20161104', 'por', '-3']
['20161104', 'dal', '+3']
['20161104', 'sas', '-4½']
['20161104', 'uta', '+4½']
['20161104', 'gsw', '-12½']
['20161104', 'lac', '+12½']
['20161105', 'min', '+5']
['20161105', 'okc', '-5']
['20161105', 'cle', '-12½']
['20161105', 'phi', '+12½']
['20161105', 'was', '+6½']
['20161105', 'orl', '-6½']
['20161105', 'chi', '+3½']
['20161105', 'ind', '-3½']
['20161105', 'den', '+4½']
['20161105', 'det', '-4½']
['20161105', 'hou', '+3']
['20161105', 'atl', '-3']
['20161105', 'sac', '+3½']
['20161105', 'mil', '-3½']
['20161105', 'lal', '+5½']
['20161105', 'sas', '-5½']
['20161106', 'uta', '-2½']
['20161106', 'nyk', '+2½']
['20161106', 'por', 'PK-110']
['20161106', 'mem', 'PK-110']
['20161106', 'sac', '+7½']
['20161106', 'tor', '-7½']
['20161106', 'mil', '+2½']
['20161106', 'dal', '-2½']
['20161106', 'den', '+7½']
['20161106', 'bos', '-7½']
['20161106', 'phx', '+4½']
['20161106', 'lac', '-4½']
['20161107', 'uta', '-5']
['20161107', 'phi', '+5']
['20161107', 'hou', 'PK-105']
['20161107', 'was', 'PK-115']
['20161107', 'ind', '+3']
['20161107', 'cha', '-3']
['20161107', 'mia', '+6']
['20161107', 'okc', '-6']
['20161107', 'orl', '+7']
['20161107', 'chi', '-7']
['20161107', 'det', '+9']
['20161107', 'lal', '-9']
['20161107', 'nop', '+17']
['20161107', 'gsw', '-17']
['20161108', 'atl', '+8']
['20161108', 'cle', '-8']
['20161108', 'min', '-4½']
['20161108', 'bkn', '+4½']
['20161108', 'den', '+4']
['20161108', 'mem', '-4']
['20161108', 'phx', '+8½']
['20161108', 'por', '-8½']
['20161108', 'nop', '+6½']
['20161108', 'sac', '-6½']
['20161108', 'dal', '+5']
['20161108', 'lac', '-5']
['20161109', 'bkn', '+8']
['20161109', 'nyk', '-8']
['20161109', 'phi', '+11½']
['20161109', 'ind', '-11½']
['20161109', 'uta', '+3']
['20161109', 'cha', '-3']
['20161109', 'bos', '-1']
['20161109', 'was', '+1']
['20161109', 'min', '+3']
['20161109', 'orl', '-3']
['20161109', 'chi', '+3']
['20161109', 'atl', '-3']
['20161109', 'tor', '+4']
['20161109', 'okc', '-4']
['20161109', 'det', '-4½']
['20161109', 'phx', '+4½']
['20161109', 'hou', '+9']
['20161109', 'sas', '-9']
['20161109', 'por', '+10½']
['20161109', 'lal', '-10½']
['20161109', 'dal', '+18½']
['20161109', 'gsw', '-18½']
['20161110', 'nop', '+5½']
['20161110', 'mil', '-5½']
['20161110', 'chi', '-1']
['20161110', 'mia', '+1']
['20161110', 'gsw', '-7']
['20161110', 'den', '+7']
['20161110', 'lac', '+5½']
['20161110', 'sac', '-5½']
['20161111', 'cle', '-8']
['20161111', 'was', '+8']
['20161111', 'tor', 'PK-115']
['20161111', 'cha', 'PK-105']
['20161111', 'ind', '-5½']
['20161111', 'phi', '+5½']
['20161111', 'uta', '-5']
['20161111', 'orl', '+5']
['20161111', 'nyk', '+4½']
['20161111', 'bos', '-4½']
['20161111', 'lal', '-5']
['20161111', 'okc', '+5']
['20161111', 'det', '+9']
['20161111', 'sas', '-9']
['20161111', 'sac', '+7']
['20161111', 'por', '-7']
['20161112', 'lac', '-1']
['20161112', 'nop', '+1']
['20161112', 'bos', '-1½']
['20161112', 'ind', '+1½']
['20161112', 'phi', '+15']
['20161112', 'atl', '-15']
['20161112', 'nyk', '+7½']
['20161112', 'tor', '-7½']
['20161112', 'lal', '-5½']
['20161112', 'min', '+5½']
['20161112', 'uta', '-1½']
['20161112', 'mia', '+1½']
['20161112', 'was', '+10']
['20161112', 'chi', '-10']
['20161112', 'sas', '-2']
['20161112', 'hou', '+2']
['20161112', 'mem', '+3']
['20161112', 'mil', '-3']
['20161112', 'det', '+5']
['20161112', 'den', '-5']
['20161112', 'bkn', '+5']
['20161112', 'phx', '-5']
['20161113', 'cha', '+7½']
['20161113', 'cle', '-7½']
['20161113', 'lac', '+1']
['20161113', 'min', '-1']
['20161113', 'orl', '+10']
['20161113', 'okc', '-10']
['20161113', 'phx', '+17']
['20161113', 'gsw', '-17']
['20161113', 'den', '+7½']
['20161113', 'por', '-7½']
['20161114', 'orl', '+8']
['20161114', 'ind', '-8']
['20161114', 'dal', '+4½']
['20161114', 'nyk', '-4½']
['20161114', 'okc', '-2']
['20161114', 'det', '+2']
['20161114', 'bos', '-4']
['20161114', 'nop', '+4']
['20161114', 'phi', '+11½']
['20161114', 'hou', '-11½']
['20161114', 'mia', '+11']
['20161114', 'sas', '-11']
['20161114', 'mem', '+6']
['20161114', 'uta', '-6']
['20161114', 'bkn', '+16½']
['20161114', 'lal', '-16½']
['20161115', 'tor', '+6']
['20161115', 'cle', '-6']
['20161115', 'atl', '-7']
['20161115', 'mia', '+7']
['20161115', 'cha', '-1']
['20161115', 'min', '+1']
['20161115', 'chi', '+4½']
['20161115', 'por', '-4½']
['20161115', 'bkn', '+7½']
['20161115', 'lac', '-7½']
['20161116', 'nop', '+7']
['20161116', 'orl', '-7']
['20161116', 'cle', '+2']
['20161116', 'ind', '-2']
['20161116', 'was', '-7']
['20161116', 'phi', '+7']
['20161116', 'mil', '+5']
['20161116', 'atl', '-5']
['20161116', 'det', '+2']
['20161116', 'nyk', '-2']
['20161116', 'dal', '+6½']
['20161116', 'bos', '-6½']
['20161116', 'gsw', '-6½']
['20161116', 'tor', '+6½']
['20161116', 'hou', '+2½']
['20161116', 'okc', '-2½']
['20161116', 'phx', '+4½']
['20161116', 'den', '-4½']
['20161116', 'sas', '-6']
['20161116', 'sac', '+6']
['20161116', 'mem', '+13']
['20161116', 'lal', '-13']
['20161117', 'nyk', '+5']
['20161117', 'was', '-5']
['20161117', 'mil', '+4']
['20161117', 'mia', '-4']
['20161117', 'por', '+5½']
['20161117', 'hou', '-5½']
['20161117', 'phi', '+12']
['20161117', 'min', '-12']
['20161117', 'chi', '+2½']
['20161117', 'uta', '-2½']
['20161118', 'atl', '+2']
['20161118', 'cha', '-2']
['20161118', 'phx', '+4']
['20161118', 'ind', '-4']
['20161118', 'det', '+9']
['20161118', 'cle', '-9']
['20161118', 'gsw', '-9']
['20161118', 'bos', '+9']
['20161118', 'por', '-1']
['20161118', 'nop', '+1']
['20161118', 'bkn', '+9½']
['20161118', 'okc', '-9½']
['20161118', 'mem', '-4']
['20161118', 'dal', '+4']
['20161118', 'tor', '-4']
['20161118', 'den', '+4']
['20161118', 'sas', '-8']
['20161118', 'lac', '+8']
['20161118', 'lal', '-9']
['20161118', 'sac', '+9']
['20161119', 'uta', '+6']
['20161119', 'hou', '-6']
['20161119', 'mia', '+4½']
['20161119', 'was', '-4½']
['20161119', 'bos', '+2']
['20161119', 'det', '-2']
['20161119', 'cha', '-2½']
['20161119', 'nop', '+2½']
['20161119', 'dal', '+7½']
['20161119', 'orl', '-7½']
['20161119', 'phx', '-2']
['20161119', 'phi', '+2']
['20161119', 'min', '-1½']
['20161119', 'mem', '+1½']
['20161119', 'gsw', '-9½']
['20161119', 'mil', '+9½']
['20161119', 'chi', '+8']
['20161119', 'lal', '-8']
['20161120', 'atl', '-4½']
['20161120', 'nyk', '+4½']
['20161120', 'por', '-4½']
['20161120', 'bkn', '+4½']
['20161120', 'ind', '+9½']
['20161120', 'okc', '-9½']
['20161120', 'tor', '-4']
['20161120', 'sac', '+4']
['20161120', 'uta', '+3½']
['20161120', 'den', '-3½']
['20161120', 'chi', '+2½']
['20161120', 'lac', '-2½']
['20161121', 'phx', '+7½']
['20161121', 'was', '-7½']
['20161121', 'mia', '-4½']
['20161121', 'phi', '+4½']
['20161121', 'gsw', '-15']
['20161121', 'ind', '+15']
['20161121', 'mem', '+5']
['20161121', 'cha', '-5']
['20161121', 'hou', '-3']
['20161121', 'det', '+3']
['20161121', 'bos', '-2']
['20161121', 'min', '+2']
['20161121', 'orl', '+7']
['20161121', 'mil', '-7']
['20161121', 'dal', '+14']
['20161121', 'sas', '-14']
['20161121', 'tor', '+9']
['20161121', 'lal', '-9']
['20161122', 'por', '+2']
['20161122', 'nyk', '-2']
['20161122', 'nop', '+8']
['20161122', 'atl', '-8']
['20161122', 'chi', '-2½']
['20161122', 'den', '+2½']
['20161122', 'okc', '-4']
['20161122', 'lac', '+4']
['20161123', 'phx', '+4½']
['20161123', 'orl', '-4½']
['20161123', 'mem', '-6½']
['20161123', 'phi', '+6½']
['20161123', 'sas', '-5½']
['20161123', 'cha', '+5½']
['20161123', 'atl', '-1½']
['20161123', 'ind', '+1½']
['20161123', 'por', '+11½']
['20161123', 'cle', '-11½']
['20161123', 'bos', '-7½']
['20161123', 'bkn', '+7½']
['20161123', 'mia', '+5']
['20161123', 'det', '-5']
['20161123', 'tor', '+4']
['20161123', 'hou', '-4']
['20161123', 'lal', '-10']
['20161123', 'dal', '+10']
['20161123', 'den', '+8']
['20161123', 'uta', '-8']
['20161123', 'min', '-2½']
['20161123', 'nop', '+2½']
['20161123', 'lac', '+18']
['20161123', 'gsw', '-18']
['20161123', 'okc', '+2']
['20161123', 'sac', '-2']
['20161125', 'sas', '-4']
['20161125', 'bos', '+4']
['20161125', 'was', '-2½']
['20161125', 'orl', '+2½']
['20161125', 'chi', '-9½']
['20161125', 'phi', '+9½']
['20161125', 'lal', '-7']
['20161125', 'det', '+7']
['20161125', 'dal', '+13½']
['20161125', 'cle', '-13½']
['20161125', 'cha', '-1½']
['20161125', 'nyk', '+1½']
['20161125', 'atl', '+3½']
['20161125', 'uta', '-3½']
['20161125', 'tor', '-3½']
['20161125', 'mil', '+3½']
['20161125', 'mia', '+5']
['20161125', 'mem', '-5']
['20161125', 'bkn', '+5½']
['20161125', 'ind', '-5½']
['20161125', 'okc', '-3']
['20161125', 'den', '+3']
['20161125', 'min', '-2½']
['20161125', 'phx', '+2½']
['20161125', 'nop', '+4']
['20161125', 'por', '-4']
['20161125', 'hou', '-3½']
['20161125', 'sac', '+3½']
['20161125', 'gsw', '-15']
['20161125', 'lac', '+15']
['20161126', 'nyk', '+5½']
['20161126', 'cha', '-5½']
['20161126', 'sas', '-6½']
['20161126', 'was', '+6½']
['20161126', 'mem', '-1½']
['20161126', 'mia', '+1½']
['20161126', 'det', '+5']
['20161126', 'okc', '-5']
['20161126', 'min', '+14']
['20161126', 'gsw', '-14']
['20161127', 'cle', '-11½']
['20161127', 'phi', '+11½']
['20161127', 'den', '+2½']
['20161127', 'phx', '-2½']
['20161127', 'sac', '-5']
['20161127', 'bkn', '+5']
['20161127', 'mil', '+1½']
['20161127', 'orl', '-1½']
['20161127', 'lal', '-12']
['20161127', 'ind', '+12']
['20161127', 'nop', '-5½']
['20161127', 'dal', '+5½']
['20161127', 'hou', '-2']
['20161127', 'por', '+2']
['20161127', 'atl', '-6']
['20161127', 'lac', '+6']
['20161128', 'sac', '+5']
['20161128', 'was', '-5']
['20161128', 'bos', '-4½']
['20161128', 'mia', '+4½']
['20161128', 'phi', '+15½']
['20161128', 'tor', '-15½']
['20161128', 'okc', '-1']
['20161128', 'nyk', '+1']
['20161128', 'cha', '-1½']
['20161128', 'mem', '+1½']
['20161128', 'uta', '-3½']
['20161128', 'min', '+3½']
['20161128', 'atl', '+14½']
['20161128', 'gsw', '-14½']
['20161129', 'det', '+4']
['20161129', 'cha', '-4']
['20161129', 'lal', '-11']
['20161129', 'bkn', '+11']
['20161129', 'cle', '-8']
['20161129', 'mil', '+8']
['20161129', 'lac', '+5½']
['20161129', 'nop', '-5½']
['20161129', 'orl', '+12½']
['20161129', 'sas', '-12½']
['20161129', 'hou', '-2']
['20161129', 'uta', '+2']
['20161130', 'mem', '+13½']
['20161130', 'tor', '-13½']
['20161130', 'det', '+6½']
['20161130', 'bos', '-6½']
['20161130', 'was', '+5½']
['20161130', 'okc', '-5½']
['20161130', 'lac', '+10½']
['20161130', 'chi', '-10½']
['20161130', 'nyk', '+4']
['20161130', 'min', '-4']
['20161130', 'sas', '-9']
['20161130', 'dal', '+9']
['20161130', 'mia', '+6½']
['20161130', 'den', '-6½']
['20161130', 'atl', '-4']
['20161130', 'phx', '+4']
['20161130', 'ind', '+7½']
['20161130', 'por', '-7½']
['20161130', 'sac', '-5']
['20161130', 'phi', '+5']
['20161201', 'dal', '+11½']
['20161201', 'cha', '-11½']
['20161201', 'mil', '-6']
['20161201', 'bkn', '+6']
['20161201', 'lal', '+4']
['20161201', 'cle', '-4']
['20161201', 'orl', '-3½']
['20161201', 'mem', '+3½']
['20161201', 'mia', '+7½']
['20161201', 'uta', '-7½']
['20161201', 'hou', '+11½']
['20161201', 'gsw', '-11½']
['20161202', 'orl', '+1']
['20161202', 'phi', '-1']
['20161202', 'lac', '+10']
['20161202', 'tor', '-10']
['20161202', 'sac', '+6']
['20161202', 'bos', '-6']
['20161202', 'min', '-2½']
['20161202', 'nyk', '+2½']
['20161202', 'det', '+1½']
['20161202', 'atl', '-1½']
['20161202', 'lal', '-4']
['20161202', 'nop', '+4']
['20161202', 'cle', '-3']
['20161202', 'chi', '+3']
['20161202', 'was', '+9']
['20161202', 'sas', '-9']
['20161202', 'hou', '+3½']
['20161202', 'den', '-3½']
['20161203', 'bkn', '+10']
['20161203', 'mil', '-10']
['20161203', 'min', '+6']
['20161203', 'cha', '-6']
['20161203', 'bos', '-10']
['20161203', 'phi', '+10']
['20161203', 'atl', '+8½']
['20161203', 'tor', '-8½']
['20161203', 'lac', '+2½']
['20161203', 'mem', '-2½']
['20161203', 'chi', '-4']
['20161203', 'dal', '+4']
['20161203', 'den', '+7½']
['20161203', 'uta', '-7½']
['20161203', 'mia', '+6']
['20161203', 'por', '-6']
['20161203', 'phx', '+17']
['20161203', 'gsw', '-17']
['20161204', 'orl', '+7½']
['20161204', 'det', '-7½']
['20161204', 'nop', '+6']
['20161204', 'okc', '-6']
['20161204', 'sac', '+2']
['20161204', 'nyk', '-2']
['20161204', 'ind', '+11½']
['20161204', 'lal', '-11½']
['20161205', 'den', '-4']
['20161205', 'phi', '+4']
['20161205', 'was', '-6½']
['20161205', 'bkn', '+6½']
['20161205', 'okc', '+4']
['20161205', 'atl', '-4']
['20161205', 'cle', 'PK-110']
['20161205', 'tor', 'PK-110']
['20161205', 'bos', '+5½']
['20161205', 'hou', '-5½']
['20161205', 'por', '+4']
['20161205', 'chi', '-4']
['20161205', 'mem', '+4½']
['20161205', 'nop', '-4½']
['20161205', 'sas', '-6']
['20161205', 'mil', '+6']
['20161205', 'cha', '-4']
['20161205', 'dal', '+4']
['20161205', 'uta', '-5']
['20161205', 'lac', '+5']
['20161205', 'ind', '+15½']
['20161205', 'gsw', '-15½']
['20161206', 'orl', '+3']
['20161206', 'was', '-3']
['20161206', 'nyk', 'PK-110']
['20161206', 'mia', 'PK-110']
['20161206', 'chi', '+5½']
['20161206', 'det', '-5½']
['20161206', 'sas', '-5']
['20161206', 'min', '+5']
['20161206', 'phi', '+7½']
['20161206', 'mem', '-7½']
['20161206', 'phx', '+7']
['20161206', 'uta', '-7']
['20161207', 'bos', '-2']
['20161207', 'orl', '+2']
['20161207', 'det', '+5½']
['20161207', 'cha', '-5½']
['20161207', 'den', '-4½']
['20161207', 'bkn', '+4½']
['20161207', 'mia', '+9']
['20161207', 'atl', '-9']
['20161207', 'por', '+2']
['20161207', 'mil', '-2']
['20161207', 'cle', '-8½']
['20161207', 'nyk', '+8½']
['20161207', 'lac', '+13½']
['20161207', 'hou', '-13½']
['20161207', 'sac', '-3½']
['20161207', 'dal', '+3½']
['20161207', 'ind', '-4½']
['20161207', 'phx', '+4½']
['20161207', 'gsw', '-5']
['20161207', 'lal', '+5']
['20161208', 'min', '+9½']
['20161208', 'tor', '-9½']
['20161208', 'den', '+6']
['20161208', 'was', '-6']
['20161208', 'por', '-2½']
['20161208', 'mem', '+2½']
['20161208', 'phi', '+6']
['20161208', 'nop', '-6']
['20161208', 'gsw', '-12']
['20161208', 'uta', '+12']
['20161208', 'sas', '-4']
['20161208', 'chi', '+4']
['20161209', 'orl', '+7']
['20161209', 'cha', '-7']
['20161209', 'tor', '+1']
['20161209', 'bos', '-1']
['20161209', 'mia', '+12½']
['20161209', 'cle', '-12½']
['20161209', 'det', '-3½']
['20161209', 'min', '+3½']
['20161209', 'hou', '-1½']
['20161209', 'okc', '+1½']
['20161209', 'atl', '+3½']
['20161209', 'mil', '-3½']
['20161209', 'ind', '-4']
['20161209', 'dal', '+4']
['20161209', 'nyk', '+5½']
['20161209', 'sac', '-5½']
['20161209', 'phx', '+2']
['20161209', 'lac', '-2']
['20161210', 'mil', '+4']
['20161210', 'was', '-4']
['20161210', 'por', '-1½']
['20161210', 'ind', '+1½']
['20161210', 'den', '-2']
['20161210', 'orl', '+2']
['20161210', 'cha', '+8']
['20161210', 'cle', '-8']
['20161210', 'mia', '+10']
['20161210', 'chi', '-10']
['20161210', 'dal', '+13']
['20161210', 'hou', '-13']
['20161210', 'gsw', '-13½']
['20161210', 'mem', '+13½']
['20161210', 'bkn', '+16']
['20161210', 'sas', '-16']
['20161210', 'sac', '+6½']
['20161210', 'uta', '-6½']
['20161210', 'nop', '+15']
['20161210', 'lal', '-15']
['20161211', 'phi', '+12']
['20161211', 'det', '-12']
['20161211', 'bos', '+3½']
['20161211', 'okc', '-3½']
['20161211', 'gsw', '-10½']
['20161211', 'min', '+10½']
['20161211', 'nop', '+2½']
['20161211', 'phx', '-2½']
['20161211', 'nyk', '-3']
['20161211', 'lac', '+3']
['20161212', 'cha', '-1½']
['20161212', 'ind', '+1½']
['20161212', 'was', '-1½']
['20161212', 'mia', '+1½']
['20161212', 'mil', '+8']
['20161212', 'tor', '-8']
['20161212', 'bkn', '+14']
['20161212', 'hou', '-14']
['20161212', 'den', '-2½']
['20161212', 'dal', '+2½']
['20161212', 'por', '+10']
['20161212', 'lal', '-10']
['20161212', 'lac', '+8½']
['20161212', 'sac', '-8½']
['20161213', 'mem', '+14']
['20161213', 'cle', '-14']
['20161213', 'orl', '+8½']
['20161213', 'atl', '-8½']
['20161213', 'gsw', '-11½']
['20161213', 'nop', '+11½']
['20161213', 'min', '+6']
['20161213', 'chi', '-6']
['20161213', 'nyk', '-2½']
['20161213', 'phx', '+2½']
['20161213', 'okc', '+2']
['20161213', 'por', '-2']
['20161214', 'cha', '-2']
['20161214', 'was', '+2']
['20161214', 'ind', '-1½']
['20161214', 'mia', '+1½']
['20161214', 'tor', '-8½']
['20161214', 'phi', '+8½']
['20161214', 'lal', '-8½']
['20161214', 'orl', '+8½']
['20161214', 'lac', '-1']
['20161214', 'bkn', '+1']
['20161214', 'cle', '+7½']
['20161214', 'mem', '-7½']
['20161214', 'sac', '+13½']
['20161214', 'hou', '-13½']
['20161214', 'det', '-6']
['20161214', 'dal', '+6']
['20161214', 'okc', '+7½']
['20161214', 'uta', '-7½']
['20161214', 'bos', '+6½']
['20161214', 'sas', '-6½']
['20161215', 'ind', '+3']
['20161215', 'nop', '-3']
['20161215', 'chi', '-1']
['20161215', 'mil', '+1']
['20161215', 'sas', '-8']
['20161215', 'phx', '+8']
['20161215', 'por', '+2½']
['20161215', 'den', '-2½']
['20161215', 'nyk', '+17½']
['20161215', 'gsw', '-17½']
['20161216', 'bkn', '+7']
['20161216', 'orl', '-7']
['20161216', 'det', '-1½']
['20161216', 'was', '+1½']
['20161216', 'cha', '+6½']
['20161216', 'bos', '-6½']
['20161216', 'atl', '+7½']
['20161216', 'tor', '-7½']
['20161216', 'mil', '+6']
['20161216', 'chi', '-6']
['20161216', 'lal', '-8']
['20161216', 'mia', '+8']
['20161216', 'nop', '+12½']
['20161216', 'hou', '-12½']
['20161216', 'sac', '+5½']
['20161216', 'mem', '-5½']
['20161216', 'lac', 'PK-110']
['20161216', 'phi', 'PK-110']
['20161216', 'dal', '+12']
['20161216', 'uta', '-12']
['20161217', 'phx', '+6½']
['20161217', 'okc', '-6½']
['20161217', 'ind', '+4½']
['20161217', 'det', '-4½']
['20161217', 'cha', '+2½']
['20161217', 'atl', '-2½']
['20161217', 'lac', '+15½']
['20161217', 'cle', '-15½']
['20161217', 'hou', '-3']
['20161217', 'min', '+3']
['20161217', 'nyk', '+4']
['20161217', 'den', '-4']
['20161217', 'por', '+14½']
['20161217', 'gsw', '-14½']
['20161218', 'lal', '-5½']
['20161218', 'was', '+5½']
['20161218', 'sac', '-1']
['20161218', 'dal', '+1']
['20161218', 'bos', '-4½']
['20161218', 'mia', '+4½']
['20161218', 'bkn', '+1']
['20161218', 'phi', '-1']
['20161218', 'uta', '-1']
['20161218', 'mem', '+1']
['20161218', 'tor', '-6']
['20161218', 'orl', '+6']
['20161218', 'nop', '+12']
['20161218', 'sas', '-12']
['20161219', 'was', '+5']
['20161219', 'ind', '-5']
['20161219', 'det', '+3']
['20161219', 'chi', '-3']
['20161219', 'atl', '+3½']
['20161219', 'okc', '-3½']
['20161219', 'phx', '+6']
['20161219', 'min', '-6']
['20161219', 'dal', '+8']
['20161219', 'den', '-8']
['20161220', 'lac', '+8½']
['20161220', 'cha', '-8½']
['20161220', 'nop', '-3½']
['20161220', 'phi', '+3½']
['20161220', 'ind', '+4½']
['20161220', 'nyk', '-4½']
['20161220', 'bkn', '+15½']
['20161220', 'tor', '-15½']
['20161220', 'orl', '+3½']
['20161220', 'mia', '-3½']
['20161220', 'bos', '-2']
['20161220', 'mem', '+2']
['20161220', 'sas', 'PK-110']
['20161220', 'hou', 'PK-110']
['20161220', 'cle', '-3½']
['20161220', 'mil', '+3½']
['20161220', 'uta', '+13']
['20161220', 'gsw', '-13']
['20161220', 'por', '-1']
['20161220', 'sac', '+1']
['20161220', 'den', '+8']
['20161220', 'lal', '-8']
['20161221', 'mil', '+6½']
['20161221', 'cle', '-6½']
['20161221', 'min', '+4']
['20161221', 'atl', '-4']
['20161221', 'mem', '+5½']
['20161221', 'det', '-5½']
['20161221', 'was', '+4½']
['20161221', 'chi', '-4½']
['20161221', 'okc', '-2½']
['20161221', 'nop', '+2½']
['20161221', 'hou', '-7']
['20161221', 'phx', '+7']
['20161221', 'sac', '+8']
['20161221', 'uta', '-8']
['20161221', 'dal', '+6½']
['20161221', 'por', '-6½']
['20161222', 'bos', '-1½']
['20161222', 'ind', '+1½']
['20161222', 'orl', '+4½']
['20161222', 'nyk', '-4½']
['20161222', 'gsw', '-14½']
['20161222', 'bkn', '+14½']
['20161222', 'lac', '+5½']
['20161222', 'mia', '-5½']
['20161222', 'sas', '-2½']
['20161222', 'lal', '+2½']
['20161223', 'chi', '+4½']
['20161223', 'cha', '-4½']
['20161223', 'lac', '+4½']
['20161223', 'orl', '-4½']
['20161223', 'okc', '+5½']
['20161223', 'bos', '-5½']
['20161223', 'gsw', '-8½']
['20161223', 'det', '+8½']
['20161223', 'bkn', '+16½']
['20161223', 'cle', '-16½']
['20161223', 'mia', '+5']
['20161223', 'nop', '-5']
['20161223', 'was', '+3½']
['20161223', 'mil', '-3½']
['20161223', 'hou', '-4']
['20161223', 'mem', '+4']
['20161223', 'sac', '+5']
['20161223', 'min', '-5']
['20161223', 'phi', '+6']
['20161223', 'phx', '-6']
['20161223', 'atl', '+6']
['20161223', 'den', '-6']
['20161223', 'tor', '-1½']
['20161223', 'uta', '+1½']
['20161223', 'sas', '-2½']
['20161223', 'por', '+2½']
['20161223', 'dal', '+4½']
['20161223', 'lal', '-4½']
['20161225', 'bos', '-2½']
['20161225', 'nyk', '+2½']
['20161225', 'gsw', '-4']
['20161225', 'cle', '+4']
['20161225', 'chi', '+8½']
['20161225', 'sas', '-8½']
['20161225', 'min', '+5']
['20161225', 'okc', '-5']
['20161225', 'lal', '-4']
['20161225', 'lac', '+4']
['20161226', 'mil', '+3½']
['20161226', 'was', '-3½']
['20161226', 'mem', '-3½']
['20161226', 'orl', '+3½']
['20161226', 'cha', '-7']
['20161226', 'bkn', '+7']
['20161226', 'cle', '+5']
['20161226', 'det', '-5']
['20161226', 'phx', '+13']
['20161226', 'hou', '-13']
['20161226', 'atl', '-2']
['20161226', 'min', '+2']
['20161226', 'ind', '+2½']
['20161226', 'chi', '-2½']
['20161226', 'dal', '+4½']
['20161226', 'nop', '-4½']
['20161226', 'tor', '-8']
['20161226', 'por', '+8']
['20161226', 'phi', '+8½']
['20161226', 'sac', '-8½']
['20161226', 'den', '-5']
['20161226', 'lal', '+5']
['20161227', 'mem', '+7½']
['20161227', 'bos', '-7½']
['20161227', 'okc', '-5']
['20161227', 'mia', '+5']
['20161227', 'hou', '-5½']
['20161227', 'dal', '+5½']
['20161227', 'uta', '-6']
['20161227', 'lac', '+6']
['20161228', 'ind', '+4½']
['20161228', 'was', '-4½']
['20161228', 'cha', '-4½']
['20161228', 'orl', '+4½']
['20161228', 'nyk', '+5']
['20161228', 'atl', '-5']
['20161228', 'mil', '+3½']
['20161228', 'det', '-3½']
['20161228', 'lal', '-1']
['20161228', 'nop', '+1']
['20161228', 'bkn', '+9½']
['20161228', 'chi', '-9½']
['20161228', 'phx', '+11']
['20161228', 'sas', '-11']
['20161228', 'min', '+4']
['20161228', 'den', '-4']
['20161228', 'sac', '+2']
['20161228', 'por', '-2']
['20161228', 'tor', '+10']
['20161228', 'gsw', '-10']
['20161229', 'mia', '+6½']
['20161229', 'cha', '-6½']
['20161229', 'bos', '+6½']
['20161229', 'cle', '-6½']
['20161229', 'okc', '+1']
['20161229', 'mem', '-1']
['20161229', 'tor', '-9']
['20161229', 'phx', '+9']
['20161229', 'phi', '+14']
['20161229', 'uta', '-14']
['20161229', 'dal', '+4½']
['20161229', 'lac', '-4½']
['20161230', 'chi', '+4']
['20161230', 'ind', '-4']
['20161230', 'bkn', '+7½']
['20161230', 'was', '-7½']
['20161230', 'mia', '+9½']
['20161230', 'bos', '-9½']
['20161230', 'nyk', '+3½']
['20161230', 'nop', '-3½']
['20161230', 'det', '+3']
['20161230', 'atl', '-3']
['20161230', 'mil', 'PK-110']
['20161230', 'min', 'PK-110']
['20161230', 'lal', '+11']
['20161230', 'hou', '-11']
['20161230', 'por', '+10']
['20161230', 'sas', '-10']
['20161230', 'phi', '+10']
['20161230', 'den', '-10']
['20161230', 'dal', '+18']
['20161230', 'gsw', '-18']
['20161231', 'mem', '-2']
['20161231', 'sac', '+2']
['20161231', 'cle', '-1½']
['20161231', 'cha', '+1½']
['20161231', 'mil', '+3']
['20161231', 'chi', '-3']
['20161231', 'lal', '+9½']
['20161231', 'okc', '-9½']
['20161231', 'nyk', '+13']
['20161231', 'hou', '-13']
['20161231', 'phx', '+11½']
['20161231', 'uta', '-11½']
['20170101', 'orl', '+6']
['20170101', 'ind', '-6']
['20170101', 'sas', '-5']
['20170101', 'atl', '+5']
['20170101', 'det', '-6½']
['20170101', 'mia', '+6½']
['20170101', 'por', '+6']
['20170101', 'min', '-6']
['20170101', 'tor', '-8½']
['20170101', 'lac', '+8½']
['20170102', 'okc', '+1½']
['20170102', 'mil', '-1½']
['20170102', 'nop', '+9½']
['20170102', 'cle', '-9½']
['20170102', 'uta', '-7']
['20170102', 'bkn', '+7']
['20170102', 'orl', '+4']
['20170102', 'nyk', '-4']
['20170102', 'was', '+8']
['20170102', 'hou', '-8']
['20170102', 'cha', '-1½']
['20170102', 'chi', '+1½']
['20170102', 'den', '+16']
['20170102', 'gsw', '-16']
['20170102', 'phx', '+5']
['20170102', 'lal', '-5']
['20170103', 'min', '-5½']
['20170103', 'phi', '+5½']
['20170103', 'ind', '+5']
['20170103', 'det', '-5']
['20170103', 'uta', '+5½']
['20170103', 'bos', '-5½']
['20170103', 'tor', '+6']
['20170103', 'sas', '-6']
['20170103', 'was', 'PK-110']
['20170103', 'dal', 'PK-110']
['20170103', 'mia', '+5']
['20170103', 'phx', '-5']
['20170103', 'sac', '+4']
['20170103', 'den', '-4']
['20170103', 'mem', '-5']
['20170103', 'lac', '+5']
['20170104', 'atl', '-2½']
['20170104', 'orl', '+2½']
['20170104', 'okc', '+2']
['20170104', 'cha', '-2']
['20170104', 'mil', '-3½']
['20170104', 'nyk', '+3½']
['20170104', 'chi', '+4']
['20170104', 'cle', '-4']
['20170104', 'por', '+16½']
['20170104', 'gsw', '-16½']
['20170104', 'mia', '+8']
['20170104', 'sac', '-8']
['20170104', 'mem', '-2']
['20170104', 'lal', '+2']
['20170105', 'bkn', '+11']
['20170105', 'ind', '-11']
['20170105', 'cha', '+5']
['20170105', 'det', '-5']
['20170105', 'uta', '+5']
['20170105', 'tor', '-5']
['20170105', 'okc', '+8']
['20170105', 'hou', '-8']
['20170105', 'atl', '+1½']
['20170105', 'nop', '-1½']
['20170105', 'phx', '+6']
['20170105', 'dal', '-6']
['20170105', 'sas', '-7½']
['20170105', 'den', '+7½']
['20170105', 'lac', '+7']
['20170105', 'por', '-7']
['20170106', 'min', '+5']
['20170106', 'was', '-5']
['20170106', 'hou', '-5½']
['20170106', 'orl', '+5½']
['20170106', 'cle', '-13½']
['20170106', 'bkn', '+13½']
['20170106', 'phi', '+11½']
['20170106', 'bos', '-11½']
['20170106', 'nyk', '+5']
['20170106', 'mil', '-5']
['20170106', 'lal', '-3']
['20170106', 'sac', '+3']
['20170106', 'mia', '+3']
['20170106', 'lac', '-3']
['20170106', 'mem', '+14']
['20170106', 'gsw', '-14']
['20170107', 'nyk', '+6½']
['20170107', 'ind', '-6½']
['20170107', 'nop', '+6']
['20170107', 'bos', '-6']
['20170107', 'uta', '-5']
['20170107', 'min', '+5']
['20170107', 'tor', '-1½']
['20170107', 'chi', '+1½']
['20170107', 'den', '+8½']
['20170107', 'okc', '-8½']
['20170107', 'atl', '-2']
['20170107', 'dal', '+2']
['20170107', 'cha', '+11']
['20170107', 'sas', '-11']
['20170107', 'det', '+4']
['20170107', 'por', '-4']
['20170108', 'phi', 'PK-110']
['20170108', 'bkn', 'PK-110']
['20170108', 'was', '+1']
['20170108', 'mil', '-1']
['20170108', 'mia', '+9½']
['20170108', 'lal', '-9½']
['20170108', 'hou', '-2½']
['20170108', 'tor', '+2½']
['20170108', 'uta', '+3']
['20170108', 'mem', '-3']
['20170108', 'cle', '-9']
['20170108', 'phx', '+9']
['20170108', 'det', '+4']
['20170108', 'por', '-4']
['20170108', 'gsw', '-12½']
['20170108', 'sac', '+12½']
['20170108', 'orl', '+3']
['20170108', 'lac', '-3']
['20170109', 'nop', '+4']
['20170109', 'nyk', '-4']
['20170109', 'okc', '-1']
['20170109', 'chi', '+1']
['20170109', 'dal', '+5']
['20170109', 'min', '-5']
['20170110', 'chi', '+11½']
['20170110', 'was', '-11½']
['20170110', 'bos', '+5']
['20170110', 'tor', '-5']
['20170110', 'atl', '-9']
['20170110', 'bkn', '+9']
['20170110', 'cha', '+9']
['20170110', 'hou', '-9']
['20170110', 'mil', '+10']
['20170110', 'sas', '-10']
['20170110', 'cle', '-2½']
['20170110', 'uta', '+2½']
['20170110', 'det', '+3']
['20170110', 'sac', '-3']
['20170110', 'por', '-3']
['20170110', 'lac', '+3']
['20170110', 'mia', '+15½']
['20170110', 'gsw', '-15½']
['20170111', 'nyk', '-2']
['20170111', 'phi', '+2']
['20170111', 'hou', '-3½']
['20170111', 'min', '+3½']
['20170111', 'mem', '+5']
['20170111', 'okc', '-5']
['20170111', 'was', '+5½']
['20170111', 'bos', '-5½']
['20170111', 'orl', '+10½']
['20170111', 'lal', '-10½']
['20170111', 'cle', '-5½']
['20170111', 'por', '+5½']
['20170112', 'ind', '-5']
['20170112', 'den', '+5']
['20170112', 'nop', '+2½']
['20170112', 'bkn', '-2½']
['20170112', 'chi', '+3½']
['20170112', 'nyk', '-3½']
['20170112', 'lac', '+14½']
['20170112', 'sas', '-14½']
['20170112', 'dal', '-2']
['20170112', 'phx', '+2']
['20170112', 'det', '+14']
['20170112', 'gsw', '-14']
['20170113', 'cha', '-5½']
['20170113', 'phi', '+5½']
['20170113', 'bkn', '+16']
['20170113', 'tor', '-16']
['20170113', 'mem', '+7½']
['20170113', 'hou', '-7½']
['20170113', 'okc', '-2½']
['20170113', 'min', '+2½']
['20170113', 'mia', '+8']
['20170113', 'mil', '-8']
['20170113', 'bos', '+3½']
['20170113', 'atl', '-3½']
['20170113', 'orl', '+7½']
['20170113', 'por', '-7½']
['20170113', 'cle', '-7']
['20170113', 'sac', '+7']
['20170113', 'det', '+11']
['20170113', 'uta', '-11']
['20170114', 'lac', '+11½']
['20170114', 'lal', '-11½']
['20170114', 'nop', '+3½']
['20170114', 'chi', '-3½']
['20170114', 'sas', '-12½']
['20170114', 'phx', '+12½']
['20170114', 'phi', '+10']
['20170114', 'was', '-10']
['20170114', 'orl', '+11½']
['20170114', 'uta', '-11½']
['20170115', 'min', 'PK-110']
['20170115', 'dal', 'PK-110']
['20170115', 'mil', '+4']
['20170115', 'atl', '-4']
['20170115', 'nyk', '+10½']
['20170115', 'tor', '-10½']
['20170115', 'hou', '-14½']
['20170115', 'bkn', '+14½']
['20170115', 'okc', '-2½']
['20170115', 'sac', '+2½']
['20170115', 'chi', '+8½']
['20170115', 'mem', '-8½']
['20170115', 'det', '-2']
['20170115', 'lac', '+2']
['20170116', 'atl', '-3½']
['20170116', 'nyk', '+3½']
['20170116', 'por', '+4½']
['20170116', 'was', '-4½']
['20170116', 'phi', '+8½']
['20170116', 'mil', '-8½']
['20170116', 'nop', '+5½']
['20170116', 'ind', '-5½']
['20170116', 'orl', '+6']
['20170116', 'den', '-6']
['20170116', 'cha', '+6']
['20170116', 'bos', '-6']
['20170116', 'cle', '+9']
['20170116', 'gsw', '-9']
['20170116', 'uta', '-6½']
['20170116', 'phx', '+6½']
['20170116', 'okc', '+8']
['20170116', 'lal', '-8']
['20170117', 'tor', '-8½']
['20170117', 'bkn', '+8½']
['20170117', 'hou', '-8']
['20170117', 'mia', '+8']
['20170117', 'dal', '+5']
['20170117', 'chi', '-5']
['20170117', 'min', '+12½']
['20170117', 'sas', '-12½']
['20170117', 'den', '-1']
['20170117', 'lac', '+1']
['20170118', 'por', '+5½']
['20170118', 'cha', '-5½']
['20170118', 'tor', '-6']
['20170118', 'phi', '+6']
['20170118', 'mem', '+2½']
['20170118', 'was', '-2½']
['20170118', 'nyk', '+9']
['20170118', 'bos', '-9']
['20170118', 'mil', '+7']
['20170118', 'hou', '-7']
['20170118', 'orl', '+5½']
['20170118', 'nop', '-5½']
['20170118', 'atl', '-3']
['20170118', 'det', '+3']
['20170118', 'ind', '+3']
['20170118', 'sac', '-3']
['20170118', 'okc', '+15']
['20170118', 'gsw', '-15']
['20170119', 'phx', '+12']
['20170119', 'cle', '-12']
['20170119', 'dal', '+2½']
['20170119', 'mia', '-2½']
['20170119', 'was', '-1½']
['20170119', 'nyk', '+1½']
['20170119', 'den', '+13']
['20170119', 'sas', '-13']
['20170119', 'min', '-1½']
['20170119', 'lal', '+1½']
['20170120', 'tor', 'PK-110']
['20170120', 'cha', 'PK-110']
['20170120', 'por', '-2']
['20170120', 'phi', '+2']
['20170120', 'mil', '-4']
['20170120', 'orl', '+4']
['20170120', 'gsw', '-6½']
['20170120', 'hou', '+6½']
['20170120', 'chi', '+4½']
['20170120', 'atl', '-4½']
['20170120', 'bkn', '+10']
['20170120', 'nop', '-10']
['20170120', 'sac', '+8½']
['20170120', 'mem', '-8½']
['20170120', 'uta', '-6']
['20170120', 'dal', '+6']
['20170120', 'ind', '-4½']
['20170120', 'lac', '+4½']
['20170121', 'por', '+8']
['20170121', 'bos', '-8']
['20170121', 'was', '+2']
['20170121', 'det', '-2']
['20170121', 'bkn', '+12½']
['20170121', 'cha', '-12½']
['20170121', 'phi', '+10']
['20170121', 'atl', '-10']
['20170121', 'mil', '-2']
['20170121', 'mia', '+2']
['20170121', 'phx', '+5']
['20170121', 'nyk', '-5']
['20170121', 'hou', '-1½']
['20170121', 'mem', '+1½']
['20170121', 'sas', '+4']
['20170121', 'cle', '-4']
['20170121', 'ind', '+7']
['20170121', 'uta', '-7']
['20170121', 'lal', '+5½']
['20170121', 'den', '-5½']
['20170121', 'sac', '+7']
['20170121', 'chi', '-7']
['20170122', 'gsw', '-14½']
['20170122', 'orl', '+14½']
['20170122', 'lac', '+6']
['20170122', 'dal', '-6']
['20170122', 'phx', '+12½']
['20170122', 'tor', '-12½']
['20170122', 'den', '+4']
['20170122', 'min', '-4']
['20170123', 'was', '+6']
['20170123', 'cha', '-6']
['20170123', 'sac', '+7']
['20170123', 'det', '-7']
['20170123', 'sas', '-9']
['20170123', 'bkn', '+9']
['20170123', 'lal', '+8']
['20170123', 'atl', '-8']
['20170123', 'gsw', '-12']
['20170123', 'mia', '+12']
['20170123', 'hou', '-5½']
['20170123', 'mil', '+5½']
['20170123', 'cle', '-10½']
['20170123', 'nop', '+10½']
['20170123', 'nyk', '+5½']
['20170123', 'ind', '-5½']
['20170123', 'okc', '+5']
['20170123', 'uta', '-5']
['20170124', 'sas', '+2']
['20170124', 'tor', '-2']
['20170124', 'chi', '-3½']
['20170124', 'orl', '+3½']
['20170124', 'lal', '-5']
['20170124', 'phi', '+5']
['20170124', 'bos', '-1']
['20170124', 'was', '+1']
['20170124', 'uta', '+2']
['20170124', 'den', '-2']
['20170124', 'min', '-2']
['20170124', 'phx', '+2']
['20170125', 'sac', '+11½']
['20170125', 'cle', '-11½']
['20170125', 'mia', '-3']
['20170125', 'bkn', '+3']
['20170125', 'hou', '-4½']
['20170125', 'bos', '+4½']
['20170125', 'phi', '+11']
['20170125', 'mil', '-11']
['20170125', 'okc', '-2']
['20170125', 'nop', '+2']
['20170125', 'atl', '-2']
['20170125', 'chi', '+2']
['20170125', 'gsw', '-10½']
['20170125', 'cha', '+10½']
['20170125', 'tor', '+5']
['20170125', 'mem', '-5']
['20170125', 'nyk', '+3']
['20170125', 'dal', '-3']
['20170125', 'lac', '+8½']
['20170125', 'por', '-8½']
['20170126', 'ind', '+3½']
['20170126', 'min', '-3½']
['20170126', 'dal', '+9½']
['20170126', 'okc', '-9½']
['20170126', 'phx', '+6½']
['20170126', 'den', '-6½']
['20170126', 'lac', '+14']
['20170126', 'uta', '-14']
['20170127', 'sac', '+4½']
['20170127', 'ind', '-4½']
['20170127', 'orl', '+7½']
['20170127', 'bos', '-7½']
['20170127', 'cha', '-1']
['20170127', 'nyk', '+1']
['20170127', 'mil', '+6']
['20170127', 'tor', '-6']
['20170127', 'bkn', '+17']
['20170127', 'cle', '-17']
['20170127', 'sas', '-7']
['20170127', 'nop', '+7']
['20170127', 'mia', '+7']
['20170127', 'chi', '-7']
['20170127', 'was', '+3']
['20170127', 'atl', '-3']
['20170127', 'hou', '-7']
['20170127', 'phi', '+7']
['20170127', 'mem', '+1']
['20170127', 'por', '-1']
['20170128', 'sac', '+7']
['20170128', 'cha', '-7']
['20170128', 'det', '-3']
['20170128', 'mia', '+3']
['20170128', 'bos', '+2']
['20170128', 'mil', '-2']
['20170128', 'lal', '+13½']
['20170128', 'gsw', '-13½']
['20170128', 'mem', '+7½']
['20170128', 'uta', '-7½']
['20170128', 'bkn', '+11']
['20170128', 'min', '-11']
['20170128', 'den', '+4']
['20170128', 'phx', '-4']
['20170129', 'nyk', '+6½']
['20170129', 'atl', '-6½']
['20170129', 'okc', '+8']
['20170129', 'cle', '-8']
['20170129', 'orl', '+11½']
['20170129', 'tor', '-11½']
['20170129', 'was', '-1']
['20170129', 'nop', '+1']
['20170129', 'hou', '-3½']
['20170129', 'ind', '+3½']
['20170129', 'phi', '+6½']
['20170129', 'chi', '-6½']
['20170129', 'dal', '+12½']
['20170129', 'sas', '-12½']
['20170129', 'gsw', '-7']
['20170129', 'por', '+7']
['20170130', 'sac', '-3']
['20170130', 'phi', '+3']
['20170130', 'bkn', '+8']
['20170130', 'mia', '-8']
['20170130', 'orl', '+8']
['20170130', 'min', '-8']
['20170130', 'det', '+6']
['20170130', 'bos', '-6']
['20170130', 'cle', '-5½']
['20170130', 'dal', '+5½']
['20170130', 'mem', '-4']
['20170130', 'phx', '+4']
['20170131', 'nyk', '+8']
['20170131', 'was', '-8']
['20170131', 'nop', '+7½']
['20170131', 'tor', '-7½']
['20170131', 'sac', '+12½']
['20170131', 'hou', '-12½']
['20170131', 'okc', '+9½']
['20170131', 'sas', '-9½']
['20170131', 'cha', '+4']
['20170131', 'por', '-4']
['20170131', 'den', '-1']
['20170131', 'lac', '+1']
['20170201', 'ind', '-3']
['20170201', 'orl', '+3']
['20170201', 'min', '+7']
['20170201', 'cle', '-7']
['20170201', 'tor', '+6½']
['20170201', 'bos', '-6½']
['20170201', 'nop', '+7']
['20170201', 'det', '-7']
['20170201', 'nyk', '-3']
['20170201', 'bkn', '+3']
['20170201', 'atl', '+1½']
['20170201', 'mia', '-1½']
['20170201', 'phi', '+7½']
['20170201', 'dal', '-7½']
['20170201', 'mil', '+7½']
['20170201', 'uta', '-7½']
['20170201', 'lal', '-3']
['20170201', 'phx', '+3']
['20170201', 'mem', '-4½']
['20170201', 'den', '+4½']
['20170201', 'chi', '+3']
['20170201', 'okc', '-3']
['20170201', 'cha', '+15½']
['20170201', 'gsw', '-15½']
['20170202', 'lac', '+11½']
['20170202', 'was', '-11½']
['20170202', 'atl', '+9½']
['20170202', 'hou', '-9½']
['20170202', 'phi', '+17']
['20170202', 'sas', '-17']
['20170202', 'gsw', '-8½']
['20170202', 'lal', '+8½']
['20170203', 'tor', '-6']
['20170203', 'orl', '+6']
['20170203', 'ind', '-7']
['20170203', 'bkn', '+7']
['20170203', 'min', '+4½']
['20170203', 'det', '-4½']
['20170203', 'chi', '+10']
['20170203', 'hou', '-10']
['20170203', 'lac', '+11½']
['20170203', 'bos', '-11½']
['20170203', 'mem', '-1']
['20170203', 'okc', '+1']
['20170203', 'mil', '+3½']
['20170203', 'den', '-3½']
['20170203', 'phx', '+4½']
['20170203', 'sac', '-4½']
['20170203', 'dal', '+6']
['20170203', 'por', '-6']
['20170204', 'nop', '+7']
['20170204', 'was', '-7']
['20170204', 'orl', '+7½']
['20170204', 'atl', '-7½']
['20170204', 'det', '+3']
['20170204', 'ind', '-3']
['20170204', 'phi', '+9½']
['20170204', 'mia', '-9½']
['20170204', 'cle', '-4½']
['20170204', 'nyk', '+4½']
['20170204', 'mem', '+4']
['20170204', 'min', '-4']
['20170204', 'den', '+13']
['20170204', 'sas', '-13']
['20170204', 'mil', '-2']
['20170204', 'phx', '+2']
['20170204', 'cha', '+8']
['20170204', 'uta', '-8']
['20170204', 'gsw', '-15']
['20170204', 'sac', '+15']
['20170205', 'tor', '-7']
['20170205', 'bkn', '+7']
['20170205', 'lal', '+6']
['20170205', 'bos', '-6']
['20170205', 'por', '+5']
['20170205', 'okc', '-5']
['20170206', 'okc', '+5½']
['20170206', 'ind', '-5½']
['20170206', 'lac', '+5']
['20170206', 'nyk', '-5']
['20170206', 'cle', '-1½']
['20170206', 'was', '+1½']
['20170206', 'uta', '+1½']
['20170206', 'atl', '-1½']
['20170206', 'lal', '+7']
['20170206', 'tor', '-7']
['20170206', 'phi', '+8½']
['20170206', 'det', '-8½']
['20170206', 'phx', '+6']
['20170206', 'nop', '-6']
['20170206', 'mia', 'PK-110']
['20170206', 'min', 'PK-110']
['20170206', 'dal', '+3']
['20170206', 'den', '-3']
['20170206', 'sas', '-1']
['20170206', 'mem', '+1']
['20170206', 'chi', '+4½']
['20170206', 'sac', '-4½']
['20170207', 'bkn', '+10']
['20170207', 'cha', '-10']
['20170207', 'orl', '+12½']
['20170207', 'hou', '-12½']
['20170207', 'por', '-2½']
['20170207', 'dal', '+2½']
['20170208', 'sas', '-12']
['20170208', 'phi', '+12']
['20170208', 'cle', '-4']
['20170208', 'ind', '+4']
['20170208', 'lac', '+6½']
['20170208', 'det', '-6½']
['20170208', 'den', '+4½']
['20170208', 'atl', '-4½']
['20170208', 'was', '-10½']
['20170208', 'bkn', '+10½']
['20170208', 'mia', '+4']
['20170208', 'mil', '-4']
['20170208', 'tor', '-3½']
['20170208', 'min', '+3½']
['20170208', 'phx', '+7½']
['20170208', 'mem', '-7½']
['20170208', 'uta', '-4']
['20170208', 'nop', '+4']
['20170208', 'lal', '-1½']
['20170208', 'nyk', '+1½']
['20170208', 'chi', '+18½']
['20170208', 'gsw', '-18½']
['20170208', 'bos', '-9½']
['20170208', 'sac', '+9½']
['20170209', 'phi', '+6½']
['20170209', 'orl', '-6½']
['20170209', 'hou', '-3½']
['20170209', 'cha', '+3½']
['20170209', 'cle', '+1']
['20170209', 'okc', '-1']
['20170209', 'uta', '-3']
['20170209', 'dal', '+3']
['20170209', 'bos', '+2½']
['20170209', 'por', '-2½']
['20170210', 'mia', '-6½']
['20170210', 'bkn', '+6½']
['20170210', 'den', '+2']
['20170210', 'nyk', '-2']
['20170210', 'sas', '-5½']
['20170210', 'det', '+5½']
['20170210', 'lac', '+6']
['20170210', 'mil', '-6']
['20170210', 'ind', '+6½']
['20170210', 'was', '-6½']
['20170210', 'gsw', '-8½']
['20170210', 'mem', '+8½']
['20170210', 'nop', '+5']
['20170210', 'min', '-5']
['20170210', 'chi', '-4']
['20170210', 'phx', '+4']
['20170210', 'atl', '-2½']
['20170210', 'sac', '+2½']
['20170211', 'lal', '+2½']
['20170211', 'cha', '-2½']
['20170211', 'mil', '+6½']
['20170211', 'ind', '-6½']
['20170211', 'den', '+12']
['20170211', 'cle', '-12']
['20170211', 'mia', '-3½']
['20170211', 'phi', '+3½']
['20170211', 'gsw', '-8½']
['20170211', 'okc', '+8½']
['20170211', 'phx', '+16']
['20170211', 'hou', '-16']
['20170211', 'orl', '+7']
['20170211', 'dal', '-7']
['20170211', 'bos', '+6½']
['20170211', 'uta', '-6½']
['20170212', 'chi', '+7']
['20170212', 'min', '-7']
['20170212', 'sas', '-10']
['20170212', 'nyk', '+10']
['20170212', 'det', '+7½']
['20170212', 'tor', '-7½']
['20170212', 'nop', '+4½']
['20170212', 'sac', '-4½']
['20170213', 'phi', '+8']
['20170213', 'cha', '-8']
['20170213', 'sas', '-5']
['20170213', 'ind', '+5']
['20170213', 'orl', '+8']
['20170213', 'mia', '-8']
['20170213', 'mem', '-9']
['20170213', 'bkn', '+9']
['20170213', 'okc', '+6']
['20170213', 'was', '-6']
['20170213', 'det', '+3']
['20170213', 'mil', '-3']
['20170213', 'bos', '-2½']
['20170213', 'dal', '+2½']
['20170213', 'nop', '+3½']
['20170213', 'phx', '-3½']
['20170213', 'gsw', '-13']
['20170213', 'den', '+13']
['20170213', 'lal', '+8']
['20170213', 'uta', '-8']
['20170213', 'atl', '+2']
['20170213', 'por', '-2']
['20170214', 'cle', '-5']
['20170214', 'min', '+5']
['20170214', 'tor', '-5']
['20170214', 'chi', '+5']
['20170214', 'sac', '+2½']
['20170214', 'lac', '-2½']
['20170215', 'sas', '-10½']
['20170215', 'orl', '+10½']
['20170215', 'ind', '+6½']
['20170215', 'cle', '-6½']
['20170215', 'phi', '+10']
['20170215', 'bos', '-10']
['20170215', 'cha', '+6½']
['20170215', 'tor', '-6½']
['20170215', 'dal', '+4½']
['20170215', 'det', '-4½']
['20170215', 'mil', '-5½']
['20170215', 'bkn', '+5½']
['20170215', 'nop', '+8']
['20170215', 'mem', '-8']
['20170215', 'mia', '+10']
['20170215', 'hou', '-10']
['20170215', 'por', '+8½']
['20170215', 'uta', '-8½']
['20170215', 'lac', '+4½']
['20170215', 'phx', '-4½']
['20170215', 'min', '+6½']
['20170215', 'den', '-6½']
['20170215', 'nyk', '+7½']
['20170215', 'okc', '-7½']
['20170215', 'atl', '+4']
['20170215', 'lal', '-4']
['20170215', 'sac', '+18']
['20170215', 'gsw', '-18']
['20170216', 'was', '-3½']
['20170216', 'ind', '+3½']
['20170216', 'bos', '-2']
['20170216', 'chi', '+2']
['20170223', 'por', '-2½']
['20170223', 'orl', '+2½']
['20170223', 'cha', '+5']
['20170223', 'det', '-5']
['20170223', 'hou', '-4']
['20170223', 'nop', '+4']
['20170223', 'nyk', '+11']
['20170223', 'cle', '-11']
['20170223', 'den', '-7']
['20170223', 'sac', '+7']
['20170223', 'lal', '+14']
['20170223', 'gsw', '-14']
['20170224', 'was', '-9½']
['20170224', 'phi', '+9½']
['20170224', 'mem', '-1']
['20170224', 'ind', '+1']
['20170224', 'bos', '+1½']
['20170224', 'tor', '-1½']
['20170224', 'mia', '+2½']
['20170224', 'atl', '-2½']
['20170224', 'dal', '+4']
['20170224', 'min', '-4']
['20170224', 'phx', '+6']
['20170224', 'chi', '-6']
['20170224', 'lac', '+10½']
['20170224', 'okc', '-10½']
['20170224', 'uta', '-3½']
['20170224', 'mil', '+3½']
['20170224', 'bkn', '+10']
['20170224', 'den', '-10']
['20170224', 'sas', '-3½']
['20170224', 'lal', '+3½']
['20170225', 'cha', '-3½']
['20170225', 'sac', '+3½']
['20170225', 'atl', '-4½']
['20170225', 'orl', '+4½']
['20170225', 'phi', '+6½']
['20170225', 'nyk', '-6½']
['20170225', 'ind', '+5']
['20170225', 'mia', '-5']
['20170225', 'chi', '+6½']
['20170225', 'cle', '-6½']
['20170225', 'nop', '-2½']
['20170225', 'dal', '+2½']
['20170225', 'min', '+13']
['20170225', 'hou', '-13']
['20170225', 'bkn', '+21½']
['20170225', 'gsw', '-21½']
['20170226', 'phx', '+6']
['20170226', 'mil', '-6']
['20170226', 'sas', '-12']
['20170226', 'lac', '+12']
['20170226', 'mem', '+2']
['20170226', 'den', '-2']
['20170226', 'uta', '+3']
['20170226', 'was', '-3']
['20170226', 'por', '+5½']
['20170226', 'tor', '-5½']
['20170226', 'bos', '-3']
['20170226', 'det', '+3']
['20170226', 'nop', '+7']
['20170226', 'okc', '-7']
['20170226', 'cha', '+11']
['20170226', 'lal', '-11']
['20170227', 'gsw', '-14½']
['20170227', 'phi', '+14½']
['20170227', 'mil', '+10']
['20170227', 'cle', '-10']
['20170227', 'tor', '-4']
['20170227', 'nyk', '+4']
['20170227', 'atl', '+5']
['20170227', 'bos', '-5']
['20170227', 'mia', '-1']
['20170227', 'dal', '+1']
['20170227', 'ind', '+10½']
['20170227', 'hou', '-10½']
['20170227', 'min', '-4½']
['20170227', 'sac', '+4½']
['20170228', 'gsw', '-7½']
['20170228', 'was', '+7½']
['20170228', 'por', '+4½']
['20170228', 'det', '-4½']
['20170228', 'phx', '+9½']
['20170228', 'mem', '-9½']
['20170228', 'den', '+3']
['20170228', 'chi', '-3']
['20170228', 'uta', '-2']
['20170228', 'okc', '+2']
['20170228', 'cha', '-5½']
['20170228', 'lac', '+5½']
['20170301', 'nyk', '+2']
['20170301', 'orl', '-2']
['20170301', 'phi', '+9½']
['20170301', 'mia', '-9½']
['20170301', 'dal', '+6']
['20170301', 'atl', '-6']
['20170301', 'was', '+4½']
['20170301', 'tor', '-4½']
['20170301', 'cle', '-1']
['20170301', 'bos', '+1']
['20170301', 'det', '+2½']
['20170301', 'nop', '-2½']
['20170301', 'den', '+4']
['20170301', 'mil', '-4']
['20170301', 'ind', '+10']
['20170301', 'sas', '-10']
['20170301', 'min', '+6½']
['20170301', 'uta', '-6½']
['20170301', 'bkn', '+3']
['20170301', 'sac', '-3']
['20170301', 'hou', '+2']
['20170301', 'lal', '-2']
['20170302', 'gsw', '-8½']
['20170302', 'chi', '+8½']
['20170302', 'cha', '-4']
['20170302', 'phx', '+4']
['20170302', 'okc', '-1½']
['20170302', 'por', '+1½']
['20170303', 'nyk', '-2']
['20170303', 'phi', '+2']
['20170303', 'mia', '-5']
['20170303', 'orl', '+5']
['20170303', 'tor', '+5½']
['20170303', 'was', '-5½']
['20170303', 'cle', '-3½']
['20170303', 'atl', '+3½']
['20170303', 'lal', '-6']
['20170303', 'mil', '+6']
['20170303', 'mem', '-3']
['20170303', 'dal', '+3']
['20170303', 'bkn', '+13']
['20170303', 'uta', '-13']
['20170303', 'okc', '-5½']
['20170303', 'phx', '+5½']
['20170303', 'sas', '-6½']
['20170303', 'nop', '+6½']
['20170303', 'bos', '-8']
['20170303', 'lac', '+8']
['20170304', 'det', '-5½']
['20170304', 'phi', '+5½']
['20170304', 'cle', '+8']
['20170304', 'mia', '-8']
['20170304', 'tor', 'PK-110']
['20170304', 'mil', 'PK-110']
['20170304', 'lal', '-3']
['20170304', 'chi', '+3']
['20170304', 'min', '+8']
['20170304', 'sas', '-8']
['20170304', 'cha', '+6']
['20170304', 'den', '-6']
['20170304', 'mem', '+8½']
['20170304', 'hou', '-8½']
['20170304', 'bkn', '+10½']
['20170304', 'por', '-10½']
['20170305', 'ind', '+3½']
['20170305', 'atl', '-3½']
['20170305', 'gsw', '-11']
['20170305', 'nyk', '+11']
['20170305', 'bos', '-5']
['20170305', 'phx', '+5']
['20170305', 'orl', '+12½']
['20170305', 'was', '-12½']
['20170305', 'uta', '-10']
['20170305', 'sac', '+10']
['20170305', 'okc', '-1']
['20170305', 'dal', '+1']
['20170305', 'nop', '-7']
['20170305', 'lac', '+7']
['20170306', 'mia', '+10']
['20170306', 'cle', '-10']
['20170306', 'mil', '-5½']
['20170306', 'phi', '+5½']
['20170306', 'nyk', '+3']
['20170306', 'orl', '-3']
['20170306', 'chi', '+6']
['20170306', 'det', '-6']
['20170306', 'gsw', '-6']
['20170306', 'atl', '+6']
['20170306', 'bkn', '+11']
['20170306', 'mem', '-11']
['20170306', 'ind', '+4½']
['20170306', 'cha', '-4½']
['20170306', 'hou', '+3½']
['20170306', 'sas', '-3½']
['20170306', 'nop', '+5']
['20170306', 'uta', '-5']
['20170306', 'sac', '+10½']
['20170306', 'den', '-10½']
['20170306', 'bos', '+7']
['20170306', 'lal', '-7']
['20170306', 'por', '+5']
['20170306', 'min', '-5']
['20170307', 'por', '+7']
['20170307', 'okc', '-7']
['20170307', 'lac', '+9½']
['20170307', 'dal', '-9½']
['20170307', 'was', '-5½']
['20170307', 'phx', '+5½']
['20170308', 'chi', '-1']
['20170308', 'orl', '+1']
['20170308', 'cha', '+4']
['20170308', 'mia', '-4']
['20170308', 'bkn', '+10']
['20170308', 'atl', '-10']
['20170308', 'uta', '+9']
['20170308', 'hou', '-9']
['20170308', 'nyk', '+6½']
['20170308', 'mil', '-6½']
['20170308', 'det', '+4']
['20170308', 'ind', '-4']
['20170308', 'tor', '+3½']
['20170308', 'nop', '-3½']
['20170308', 'lal', '-4']
['20170308', 'min', '+4']
['20170308', 'sac', '+12']
['20170308', 'sas', '-12']
['20170308', 'was', '-2']
['20170308', 'den', '+2']
['20170308', 'bos', '+8½']
['20170308', 'gsw', '-8½']
['20170309', 'cle', '-5½']
['20170309', 'det', '+5½']
['20170309', 'sas', '-3½']
['20170309', 'okc', '+3½']
['20170309', 'lal', '+2½']
['20170309', 'mem', '-2½']
['20170309', 'phi', '+10']
['20170309', 'por', '-10']
['20170309', 'lac', '+7']
['20170309', 'phx', '-7']
['20170310', 'orl', '+9½']
['20170310', 'cha', '-9½']
['20170310', 'gsw', '-6']
['20170310', 'min', '+6']
['20170310', 'ind', '+2']
['20170310', 'mil', '-2']
['20170310', 'tor', '+3']
['20170310', 'atl', '-3']
['20170310', 'hou', '-6']
['20170310', 'chi', '+6']
['20170310', 'bos', '-3']
['20170310', 'den', '+3']
['20170310', 'bkn', '+10']
['20170310', 'dal', '-10']
['20170310', 'was', '-8']
['20170310', 'sac', '+8']
['20170311', 'uta', '+4½']
['20170311', 'okc', '-4½']
['20170311', 'phi', '+14½']
['20170311', 'lal', '-14½']
['20170311', 'nyk', '+6½']
['20170311', 'det', '-6½']
['20170311', 'nop', '+3½']
['20170311', 'cha', '-3½']
['20170311', 'cle', '-9']
['20170311', 'orl', '+9']
['20170311', 'tor', '+6']
['20170311', 'mia', '-6']
['20170311', 'min', '+3']
['20170311', 'mil', '-3']
['20170311', 'gsw', '+10½']
['20170311', 'sas', '-10½']
['20170311', 'atl', '+6½']
['20170311', 'mem', '-6½']
['20170311', 'phx', '+6']
['20170311', 'dal', '-6']
['20170311', 'was', '+5']
['20170311', 'por', '-5']
['20170311', 'den', '-5']
['20170311', 'sac', '+5']
['20170312', 'chi', '+7½']
['20170312', 'bos', '-7½']
['20170312', 'nyk', '-1']
['20170312', 'bkn', '+1']
['20170312', 'mia', '+6']
['20170312', 'ind', '-6']
['20170312', 'por', '-2½']
['20170312', 'phx', '+2½']
['20170312', 'cle', '+6½']
['20170312', 'hou', '-6½']
['20170312', 'phi', '+4½']
['20170312', 'lac', '-4½']
['20170313', 'chi', '+7']
['20170313', 'cha', '-7']
['20170313', 'dal', '+5']
['20170313', 'tor', '-5']
['20170313', 'atl', '+7']
['20170313', 'sas', '-7']
['20170313', 'mil', '+4']
['20170313', 'mem', '-4']
['20170313', 'was', '+2']
['20170313', 'min', '-2']
['20170313', 'lal', '+2']
['20170313', 'uta', '-2']
['20170313', 'orl', '-2']
['20170313', 'sac', '+2']
['20170313', 'lac', '+13']
['20170313', 'den', '-13']
['20170314', 'det', '+7½']
['20170314', 'cle', '-7½']
['20170314', 'ind', '-3½']
['20170314', 'nyk', '+3½']
['20170314', 'okc', '-7']
['20170314', 'bkn', '+7']
['20170314', 'por', '+3½']
['20170314', 'nop', '-3½']
['20170314', 'phi', '+17']
['20170314', 'gsw', '-17']
['20170315', 'cha', '+3½']
['20170315', 'ind', '-3½']
['20170315', 'dal', '+7½']
['20170315', 'was', '-7½']
['20170315', 'uta', '-3']
['20170315', 'det', '+3']
['20170315', 'nop', '+6½']
['20170315', 'mia', '-6½']
['20170315', 'min', '+6']
['20170315', 'bos', '-6']
['20170315', 'por', '+11½']
['20170315', 'sas', '-11½']
['20170315', 'lac', '+17½']
['20170315', 'hou', '-17½']
['20170315', 'mem', '-2½']
['20170315', 'chi', '+2½']
['20170315', 'sac', '+6']
['20170315', 'phx', '-6']
['20170315', 'mil', '+8']
['20170315', 'lal', '-8']
['20170316', 'okc', '+2']
['20170316', 'tor', '-2']
['20170316', 'uta', '+8']
['20170316', 'cle', '-8']
['20170316', 'mem', '+4']
['20170316', 'atl', '-4']
['20170316', 'bkn', '+5']
['20170316', 'nyk', '-5']
['20170316', 'lal', '+5½']
['20170316', 'den', '-5½']
['20170316', 'orl', '+14']
['20170316', 'gsw', '-14']
['20170317', 'chi', '+7½']
['20170317', 'was', '-7½']
['20170317', 'dal', '-5½']
['20170317', 'phi', '+5½']
['20170317', 'tor', '+3½']
['20170317', 'det', '-3½']
['20170317', 'bos', '-9']
['20170317', 'bkn', '+9']
['20170317', 'min', '+4½']
['20170317', 'mia', '-4½']
['20170317', 'hou', '-7']
['20170317', 'nop', '+7']
['20170317', 'orl', '+2½']
['20170317', 'phx', '-2½']
['20170317', 'mil', '-8']
['20170317', 'lac', '+8']
['20170318', 'sac', '+13']
['20170318', 'okc', '-13']
['20170318', 'por', '+2']
['20170318', 'atl', '-2']
['20170318', 'was', '+4']
['20170318', 'cha', '-4']
['20170318', 'cle', '+13½']
['20170318', 'lal', '-13½']
['20170318', 'uta', '-6½']
['20170318', 'chi', '+6½']
['20170318', 'sas', '-4']
['20170318', 'mem', '+4']
['20170318', 'hou', '-2½']
['20170318', 'den', '+2½']
['20170318', 'mil', '+11']
['20170318', 'gsw', '-11']
['20170319', 'dal', '-5']
['20170319', 'bkn', '+5']
['20170319', 'bos', '-5']
['20170319', 'phi', '+5']
['20170319', 'phx', '+13']
['20170319', 'det', '-13']
['20170319', 'min', '+3½']
['20170319', 'nop', '-3½']
['20170319', 'ind', '+3']
['20170319', 'tor', '-3']
['20170319', 'por', '+6']
['20170319', 'mia', '-6']
['20170319', 'sac', '+14½']
['20170319', 'sas', '-14½']
['20170319', 'cle', '-12½']
['20170319', 'lac', '+12½']
['20170320', 'uta', '-3']
['20170320', 'ind', '+3']
['20170320', 'phi', '+6']
['20170320', 'orl', '-6']
['20170320', 'atl', '+6']
['20170320', 'cha', '-6']
['20170320', 'was', '+4']
['20170320', 'bos', '-4']
['20170320', 'den', '+8']
['20170320', 'hou', '-8']
['20170320', 'gsw', '-2']
['20170320', 'okc', '+2']
['20170320', 'nyk', '+11']
['20170320', 'lal', '-11']
['20170321', 'chi', '+7']
['20170321', 'tor', '-7']
['20170321', 'phx', '+12']
['20170321', 'mia', '-12']
['20170321', 'det', '-6']
['20170321', 'bkn', '+6']
['20170321', 'mem', '+3']
['20170321', 'nop', '-3']
['20170321', 'gsw', '-5½']
['20170321', 'dal', '+5½']
['20170321', 'sas', '-5½']
['20170321', 'min', '+5½']
['20170321', 'mil', '+4']
['20170321', 'por', '-4']
['20170321', 'lal', '-10']
['20170321', 'lac', '+10']
['20170322', 'cha', '-5½']
['20170322', 'orl', '+5½']
['20170322', 'ind', '+7']
['20170322', 'bos', '-7']
['20170322', 'det', '-2']
['20170322', 'chi', '+2']
['20170322', 'atl', '+7½']
['20170322', 'was', '-7½']
['20170322', 'phi', '+12']
['20170322', 'okc', '-12']
['20170322', 'cle', '-3']
['20170322', 'den', '+3']
['20170322', 'mil', '-6']
['20170322', 'sac', '+6']
['20170322', 'nyk', '+12']
['20170322', 'uta', '-12']
['20170323', 'tor', '+4½']
['20170323', 'mia', '-4½']
['20170323', 'phx', '+5½']
['20170323', 'bkn', '-5½']
['20170323', 'mem', '+8']
['20170323', 'sas', '-8']
['20170323', 'lal', '-5½']
['20170323', 'dal', '+5½']
['20170323', 'nyk', '+12½']
['20170323', 'por', '-12½']
['20170324', 'cle', '-4']
['20170324', 'cha', '+4']
['20170324', 'det', '-2']
['20170324', 'orl', '+2']
['20170324', 'den', '+1½']
['20170324', 'ind', '-1½']
['20170324', 'bkn', '+11']
['20170324', 'was', '-11']
['20170324', 'phx', '+16']
['20170324', 'bos', '-16']
['20170324', 'phi', '+6½']
['20170324', 'chi', '-6½']
['20170324', 'atl', '+7']
['20170324', 'mil', '-7']
['20170324', 'nop', '+8']
['20170324', 'hou', '-8']
['20170324', 'sac', '+18½']
['20170324', 'gsw', '-18½']
['20170324', 'min', '-7']
['20170324', 'lac', '+7']
['20170325', 'uta', '+5½']
['20170325', 'lal', '-5½']
['20170325', 'was', '+6']
['20170325', 'cle', '-6']
['20170325', 'tor', '-1']
['20170325', 'dal', '+1']
['20170325', 'nyk', '+14½']
['20170325', 'sas', '-14½']
['20170325', 'min', '+6½']
['20170325', 'por', '-6½']
['20170326', 'bkn', '+7']
['20170326', 'atl', '-7']
['20170326', 'phx', '+12½']
['20170326', 'cha', '-12½']
['20170326', 'sac', '+13']
['20170326', 'lal', '-13']
['20170326', 'chi', '+6½']
['20170326', 'mil', '-6½']
['20170326', 'okc', '+6']
['20170326', 'hou', '-6']
['20170326', 'mia', '+6½']
['20170326', 'bos', '-6½']
['20170326', 'phi', '+8½']
['20170326', 'ind', '-8½']
['20170326', 'nop', '+7½']
['20170326', 'den', '-7½']
['20170326', 'mem', '+11½']
['20170326', 'gsw', '-11½']
['20170326', 'por', '-7']
['20170326', 'lac', '+7']
['20170327', 'orl', '+8']
['20170327', 'tor', '-8']
['20170327', 'det', '-1½']
['20170327', 'nyk', '+1½']
['20170327', 'cle', '+5']
['20170327', 'sas', '-5']
['20170327', 'okc', '-2']
['20170327', 'dal', '+2']
['20170327', 'mem', '-7']
['20170327', 'sac', '+7']
['20170327', 'nop', '+6']
['20170327', 'uta', '-6']
['20170328', 'mil', '+4']
['20170328', 'cha', '-4']
['20170328', 'min', '+4½']
['20170328', 'ind', '-4½']
['20170328', 'phx', '+10']
['20170328', 'atl', '-10']
['20170328', 'mia', '-3½']
['20170328', 'det', '+3½']
['20170328', 'phi', '+4½']
['20170328', 'bkn', '-4½']
['20170328', 'gsw', '+1']
['20170328', 'hou', '-1']
['20170328', 'den', '+2']
['20170328', 'por', '-2']
['20170328', 'was', '-9½']
['20170328', 'lac', '+9½']
['20170329', 'okc', '-5½']
['20170329', 'orl', '+5½']
['20170329', 'atl', '-3']
['20170329', 'phi', '+3']
['20170329', 'cha', '+6']
['20170329', 'tor', '-6']
['20170329', 'mia', '-2½']
['20170329', 'nyk', '+2½']
['20170329', 'mil', '+7½']
['20170329', 'bos', '-7½']
['20170329', 'ind', '+4']
['20170329', 'mem', '-4']
['20170329', 'dal', '+6']
['20170329', 'nop', '-6']
['20170329', 'gsw', '+4½']
['20170329', 'sas', '-4½']
['20170329', 'was', '+6½']
['20170329', 'lal', '-6½']
['20170329', 'uta', '-7½']
['20170329', 'sac', '+7½']
['20170330', 'bkn', '+6½']
['20170330', 'det', '-6½']
['20170330', 'lac', '+11½']
['20170330', 'min', '-11½']
['20170330', 'cle', '-6']
['20170330', 'chi', '+6']
['20170330', 'lal', '-10']
['20170330', 'phx', '+10']
['20170330', 'hou', '-2']
['20170330', 'por', '+2']
['20170331', 'ind', '+5½']
['20170331', 'tor', '-5½']
['20170331', 'den', '+2½']
['20170331', 'cha', '-2½']
['20170331', 'phi', '+12½']
['20170331', 'cle', '-12½']
['20170331', 'orl', '+10½']
['20170331', 'bos', '-10½']
['20170331', 'nyk', '+10½']
['20170331', 'mia', '-10½']
['20170331', 'sac', '+11']
['20170331', 'nop', '-11']
['20170331', 'det', '+7½']
['20170331', 'mil', '-7½']
['20170331', 'dal', '+3½']
['20170331', 'mem', '-3½']
['20170331', 'sas', '-3½']
['20170331', 'okc', '+3½']
['20170331', 'was', '+3']
['20170331', 'uta', '-3']
['20170331', 'hou', '+9½']
['20170331', 'gsw', '-9½']
['20170401', 'lac', '+14½']
['20170401', 'lal', '-14½']
['20170401', 'atl', '+5½']
['20170401', 'chi', '-5½']
['20170401', 'orl', '+4']
['20170401', 'bkn', '-4']
['20170401', 'sac', '+12½']
['20170401', 'min', '-12½']
['20170401', 'phx', '+11']
['20170401', 'por', '-11']
['20170402', 'bos', '-8']
['20170402', 'nyk', '+8']
['20170402', 'cha', '+5½']
['20170402', 'okc', '-5½']
['20170402', 'mem', '-7½']
['20170402', 'lac', '+7½']
['20170402', 'dal', '+6½']
['20170402', 'mil', '-6½']
['20170402', 'uta', '+5½']
['20170402', 'sas', '-5½']
['20170402', 'ind', '+8']
['20170402', 'cle', '-8']
['20170402', 'atl', '-3']
['20170402', 'bkn', '+3']
['20170402', 'den', '+4']
['20170402', 'mia', '-4']
['20170402', 'chi', '+8']
['20170402', 'nop', '-8']
['20170402', 'phi', '+11½']
['20170402', 'tor', '-11½']
['20170402', 'was', '+10']
['20170402', 'gsw', '-10']
['20170402', 'hou', '-7½']
['20170402', 'phx', '+7½']
['20170403', 'por', '+1½']
['20170403', 'min', '-1½']
['20170404', 'tor', '+3']
['20170404', 'ind', '-3']
['20170404', 'cha', '+3½']
['20170404', 'was', '-3½']
['20170404', 'bkn', '-2']
['20170404', 'phi', '+2']
['20170404', 'orl', '+11']
['20170404', 'cle', '-11']
['20170404', 'mil', '+5½']
['20170404', 'okc', '-5½']
['20170404', 'den', '+3']
['20170404', 'nop', '-3']
['20170404', 'chi', '-5']
['20170404', 'nyk', '+5']
['20170404', 'mem', '+9']
['20170404', 'sas', '-9']
['20170404', 'por', '+6']
['20170404', 'uta', '-6']
['20170404', 'min', '+14½']
['20170404', 'gsw', '-14½']
['20170404', 'dal', '-2½']
['20170404', 'sac', '+2½']
['20170405', 'mia', '+2½']
['20170405', 'cha', '-2½']
['20170405', 'tor', '-3']
['20170405', 'det', '+3']
['20170405', 'okc', '-2½']
['20170405', 'mem', '+2½']
['20170405', 'den', '+7½']
['20170405', 'hou', '-7½']
['20170405', 'cle', '+4']
['20170405', 'bos', '-4']
['20170405', 'lac', '+13½']
['20170405', 'sas', '-13½']
['20170405', 'gsw', '-9½']
['20170405', 'phx', '+9½']
['20170405', 'dal', '+11½']
['20170405', 'lal', '-11½']
['20170406', 'mil', '+4½']
['20170406', 'ind', '-4½']
['20170406', 'chi', '-6']
['20170406', 'phi', '+6']
['20170406', 'bkn', '+1']
['20170406', 'orl', '-1']
['20170406', 'was', '-6½']
['20170406', 'nyk', '+6½']
['20170406', 'bos', '-2']
['20170406', 'atl', '+2']
['20170406', 'min', '+6']
['20170406', 'por', '-6']
['20170407', 'atl', '+15½']
['20170407', 'cle', '-15½']
['20170407', 'mia', '+4½']
['20170407', 'tor', '-4½']
['20170407', 'nyk', '+12½']
['20170407', 'mem', '-12½']
['20170407', 'det', '+11']
['20170407', 'hou', '-11']
['20170407', 'sas', '+5']
['20170407', 'dal', '-5']
['20170407', 'nop', '+7½']
['20170407', 'den', '-7½']
['20170407', 'min', '+11']
['20170407', 'uta', '-11']
['20170407', 'okc', '-9']
['20170407', 'phx', '+9']
['20170407', 'sac', '+2½']
['20170407', 'lac', '-2½']
['20170408', 'chi', '-3½']
['20170408', 'bkn', '+3½']
['20170408', 'bos', '-1']
['20170408', 'cha', '+1']
['20170408', 'ind', '-5']
['20170408', 'orl', '+5']
['20170408', 'mil', '-7½']
['20170408', 'phi', '+7½']
['20170408', 'mia', '+4']
['20170408', 'was', '-4']
['20170408', 'lal', '+1½']
['20170408', 'sas', '-1½']
['20170408', 'uta', '+2½']
['20170408', 'por', '-2½']
['20170408', 'nop', '+17']
['20170408', 'gsw', '-17']
['20170409', 'tor', '-9']
['20170409', 'nyk', '+9']
['20170409', 'cle', '-5½']
['20170409', 'atl', '+5½']
['20170409', 'okc', '+5']
['20170409', 'den', '-5']
['20170409', 'dal', '+2½']
['20170409', 'phx', '-2½']
['20170409', 'hou', '-9']
['20170409', 'sac', '+9']
['20170409', 'det', '+5½']
['20170409', 'mem', '-5½']
['20170409', 'min', '-6']
['20170409', 'lac', '+6']
['20170410', 'ind', '-8½']
['20170410', 'phi', '+8½']
['20170410', 'cle', '+10½']
['20170410', 'mia', '-10½']
['20170410', 'bkn', '+11']
['20170410', 'bos', '-11']
['20170410', 'was', '+5']
['20170410', 'det', '-5']
['20170410', 'orl', '+8']
['20170410', 'chi', '-8']
['20170410', 'cha', '+6½']
['20170410', 'mil', '-6½']
['20170410', 'sas', '-10½']
['20170410', 'por', '+10½']
['20170410', 'hou', '+9½']
['20170410', 'lal', '-9½']
['20170410', 'uta', '+11']
['20170410', 'gsw', '-11']
['20170411', 'cha', '+8½']
['20170411', 'atl', '-8½']
['20170411', 'okc', '+8']
['20170411', 'min', '-8']
['20170411', 'den', '+2½']
['20170411', 'dal', '-2½']
['20170411', 'nop', '+3']
['20170411', 'lac', '-3']
['20170411', 'phx', '+4½']
['20170411', 'sac', '-4½']
['20170412', 'mil', '+14']
['20170412', 'bos', '-14']
['20170412', 'dal', '+8½']
['20170412', 'mem', '-8½']
['20170412', 'phi', '+3']
['20170412', 'nyk', '-3']
['20170412', 'atl', '+14½']
['20170412', 'ind', '-14½']
['20170412', 'was', '+11']
['20170412', 'mia', '-11']
['20170412', 'tor', '-3½']
['20170412', 'cle', '+3½']
['20170412', 'den', '+6']
['20170412', 'okc', '-6']
['20170412', 'min', '+8½']
['20170412', 'hou', '-8½']
['20170412', 'det', '+2']
['20170412', 'orl', '-2']
['20170412', 'bkn', '+15']
['20170412', 'chi', '-15']
['20170412', 'sas', '+4']
['20170412', 'uta', '-4']
['20170412', 'nop', '+7']
['20170412', 'por', '-7']
['20170412', 'sac', '+17']
['20170412', 'lal', '-17']
['20170412', 'lac', '+13½']
['20170412', 'gsw', '-13½']
